zip_code,latitudes,longitudes
98101,47.6114,-122.3305
98101,47.6114,-122.3305
98101,47.6114,-122.3305
98102,47.6302,-122.321
98102,47.6302,-122.321
98102,47.6302,-122.321
98102,47.6302,-122.321
98102,47.6302,-122.321
98102,47.6302,-122.321
98102,47.6302,-122.321
98102,47.6302,-122.321
98102,47.6302,-122.321
98102,47.6302,-122.321
98102,47.6302,-122.321
98102,47.6302,-122.321
98102,47.6302,-122.321
98102,47.6302,-122.321
98102,47.6302,-122.321
98102,47.6302,-122.321
98102,47.6302,-122.321
98102,47.6302,-122.321
98102,47.6302,-122.321
98102,47.6302,-122.321
98102,47.6302,-122.321
98102,47.6302,-122.321
98102,47.6302,-122.321
98102,47.6302,-122.321
98102,47.6302,-122.321
98102,47.6302,-122.321
98102,47.6302,-122.321
98102,47.6302,-122.321
98102,47.6302,-122.321
98102,47.6302,-122.321
98102,47.6302,-122.321
98103,47.6733,-122.3426
98103,47.6733,-122.3426
98103,47.6733,-122.3426
98103,47.6733,-122.3426
98103,47.6733,-122.3426
98103,47.6733,-122.3426
98103,47.6733,-122.3426
98103,47.6733,-122.3426
98103,47.6733,-122.3426
98103,47.6733,-122.3426
98103,47.6733,-122.3426
98103,47.6733,-122.3426
98103,47.6733,-122.3426
98103,47.6733,-122.3426
98103,47.6733,-122.3426
98103,47.6733,-122.3426
98103,47.6733,-122.3426
98103,47.6733,-122.3426
98103,47.6733,-122.3426
98103,47.6733,-122.3426
98103,47.6733,-122.3426
98103,47.6733,-122.3426
98103,47.6733,-122.3426
98103,47.6733,-122.3426
98103,47.6733,-122.3426
98103,47.6733,-122.3426
98103,47.6733,-122.3426
98103,47.6733,-122.3426
98103,47.6733,-122.3426
98103,47.6733,-122.3426
98103,47.6733,-122.3426
98103,47.6733,-122.3426
98103,47.6733,-122.3426
98103,47.6733,-122.3426
98103,47.6733,-122.3426
98103,47.6733,-122.3426
98103,47.6733,-122.3426
98103,47.6733,-122.3426
98103,47.6733,-122.3426
98103,47.6733,-122.3426
98103,47.6733,-122.3426
98103,47.6733,-122.3426
98103,47.6733,-122.3426
98103,47.6733,-122.3426
98103,47.6733,-122.3426
98103,47.6733,-122.3426
98103,47.6733,-122.3426
98103,47.6733,-122.3426
98103,47.6733,-122.3426
98103,47.6733,-122.3426
98103,47.6733,-122.3426
98103,47.6733,-122.3426
98103,47.6733,-122.3426
98103,47.6733,-122.3426
98103,47.6733,-122.3426
98103,47.6733,-122.3426
98103,47.6733,-122.3426
98103,47.6733,-122.3426
98103,47.6733,-122.3426
98103,47.6733,-122.3426
98103,47.6733,-122.3426
98103,47.6733,-122.3426
98103,47.6733,-122.3426
98103,47.6733,-122.3426
98103,47.6733,-122.3426
98103,47.6733,-122.3426
98103,47.6733,-122.3426
98103,47.6733,-122.3426
98103,47.6733,-122.3426
98103,47.6733,-122.3426
98103,47.6733,-122.3426
98103,47.6733,-122.3426
98103,47.6733,-122.3426
98103,47.6733,-122.3426
98103,47.6733,-122.3426
98103,47.6733,-122.3426
98103,47.6733,-122.3426
98103,47.6733,-122.3426
98103,47.6733,-122.3426
98103,47.6733,-122.3426
98103,47.6733,-122.3426
98103,47.6733,-122.3426
98103,47.6733,-122.3426
98103,47.6733,-122.3426
98103,47.6733,-122.3426
98103,47.6733,-122.3426
98103,47.6733,-122.3426
98103,47.6733,-122.3426
98103,47.6733,-122.3426
98103,47.6733,-122.3426
98103,47.6733,-122.3426
98103,47.6733,-122.3426
98103,47.6733,-122.3426
98103,47.6733,-122.3426
98103,47.6733,-122.3426
98103,47.6733,-122.3426
98103,47.6733,-122.3426
98103,47.6733,-122.3426
98103,47.6733,-122.3426
98103,47.6733,-122.3426
98103,47.6733,-122.3426
98103,47.6733,-122.3426
98103,47.6733,-122.3426
98103,47.6733,-122.3426
98103,47.6733,-122.3426
98103,47.6733,-122.3426
98103,47.6733,-122.3426
98103,47.6733,-122.3426
98103,47.6733,-122.3426
98103,47.6733,-122.3426
98103,47.6733,-122.3426
98103,47.6733,-122.3426
98103,47.6733,-122.3426
98103,47.6733,-122.3426
98103,47.6733,-122.3426
98103,47.6733,-122.3426
98103,47.6733,-122.3426
98103,47.6733,-122.3426
98103,47.6733,-122.3426
98103,47.6733,-122.3426
98103,47.6733,-122.3426
98103,47.6733,-122.3426
98103,47.6733,-122.3426
98103,47.6733,-122.3426
98103,47.6733,-122.3426
98103,47.6733,-122.3426
98103,47.6733,-122.3426
98103,47.6733,-122.3426
98103,47.6733,-122.3426
98103,47.6733,-122.3426
98103,47.6733,-122.3426
98103,47.6733,-122.3426
98103,47.6733,-122.3426
98103,47.6733,-122.3426
98103,47.6733,-122.3426
98103,47.6733,-122.3426
98103,47.6733,-122.3426
98103,47.6733,-122.3426
98103,47.6733,-122.3426
98103,47.6733,-122.3426
98103,47.6733,-122.3426
98103,47.6733,-122.3426
98103,47.6733,-122.3426
98104,47.6036,-122.3256
98104,47.6036,-122.3256
98104,47.6036,-122.3256
98104,47.6036,-122.3256
98104,47.6036,-122.3256
98104,47.6036,-122.3256
98105,47.6633,-122.3022
98105,47.6633,-122.3022
98105,47.6633,-122.3022
98105,47.6633,-122.3022
98105,47.6633,-122.3022
98105,47.6633,-122.3022
98105,47.6633,-122.3022
98105,47.6633,-122.3022
98105,47.6633,-122.3022
98105,47.6633,-122.3022
98105,47.6633,-122.3022
98105,47.6633,-122.3022
98105,47.6633,-122.3022
98105,47.6633,-122.3022
98105,47.6633,-122.3022
98105,47.6633,-122.3022
98105,47.6633,-122.3022
98105,47.6633,-122.3022
98105,47.6633,-122.3022
98105,47.6633,-122.3022
98105,47.6633,-122.3022
98105,47.6633,-122.3022
98105,47.6633,-122.3022
98105,47.6633,-122.3022
98105,47.6633,-122.3022
98105,47.6633,-122.3022
98105,47.6633,-122.3022
98105,47.6633,-122.3022
98105,47.6633,-122.3022
98105,47.6633,-122.3022
98105,47.6633,-122.3022
98105,47.6633,-122.3022
98105,47.6633,-122.3022
98105,47.6633,-122.3022
98105,47.6633,-122.3022
98105,47.6633,-122.3022
98105,47.6633,-122.3022
98105,47.6633,-122.3022
98105,47.6633,-122.3022
98105,47.6633,-122.3022
98105,47.6633,-122.3022
98105,47.6633,-122.3022
98105,47.6633,-122.3022
98105,47.6633,-122.3022
98105,47.6633,-122.3022
98105,47.6633,-122.3022
98105,47.6633,-122.3022
98105,47.6633,-122.3022
98105,47.6633,-122.3022
98105,47.6633,-122.3022
98105,47.6633,-122.3022
98105,47.6633,-122.3022
98105,47.6633,-122.3022
98105,47.6633,-122.3022
98105,47.6633,-122.3022
98105,47.6633,-122.3022
98105,47.6633,-122.3022
98105,47.6633,-122.3022
98105,47.6633,-122.3022
98105,47.6633,-122.3022
98105,47.6633,-122.3022
98105,47.6633,-122.3022
98105,47.6633,-122.3022
98105,47.6633,-122.3022
98105,47.6633,-122.3022
98105,47.6633,-122.3022
98106,47.5344,-122.3547
98106,47.5344,-122.3547
98106,47.5344,-122.3547
98106,47.5344,-122.3547
98106,47.5344,-122.3547
98106,47.5344,-122.3547
98106,47.5344,-122.3547
98106,47.5344,-122.3547
98106,47.5344,-122.3547
98106,47.5344,-122.3547
98106,47.5344,-122.3547
98106,47.5344,-122.3547
98106,47.5344,-122.3547
98106,47.5344,-122.3547
98106,47.5344,-122.3547
98106,47.5344,-122.3547
98106,47.5344,-122.3547
98106,47.5344,-122.3547
98106,47.5344,-122.3547
98106,47.5344,-122.3547
98106,47.5344,-122.3547
98106,47.5344,-122.3547
98106,47.5344,-122.3547
98106,47.5344,-122.3547
98106,47.5344,-122.3547
98106,47.5344,-122.3547
98106,47.5344,-122.3547
98106,47.5344,-122.3547
98106,47.5344,-122.3547
98106,47.5344,-122.3547
98106,47.5344,-122.3547
98106,47.5344,-122.3547
98106,47.5344,-122.3547
98106,47.5344,-122.3547
98106,47.5344,-122.3547
98106,47.5344,-122.3547
98106,47.5344,-122.3547
98106,47.5344,-122.3547
98106,47.5344,-122.3547
98106,47.5344,-122.3547
98106,47.5344,-122.3547
98106,47.5344,-122.3547
98106,47.5344,-122.3547
98106,47.5344,-122.3547
98106,47.5344,-122.3547
98106,47.5344,-122.3547
98106,47.5344,-122.3547
98106,47.5344,-122.3547
98106,47.5344,-122.3547
98106,47.5344,-122.3547
98106,47.5344,-122.3547
98106,47.5344,-122.3547
98106,47.5344,-122.3547
98106,47.5344,-122.3547
98106,47.5344,-122.3547
98106,47.5344,-122.3547
98106,47.5344,-122.3547
98106,47.5344,-122.3547
98106,47.5344,-122.3547
98106,47.5344,-122.3547
98106,47.5344,-122.3547
98106,47.5344,-122.3547
98106,47.5344,-122.3547
98106,47.5344,-122.3547
98106,47.5344,-122.3547
98106,47.5344,-122.3547
98106,47.5344,-122.3547
98106,47.5344,-122.3547
98106,47.5344,-122.3547
98106,47.5344,-122.3547
98106,47.5344,-122.3547
98106,47.5344,-122.3547
98106,47.5344,-122.3547
98106,47.5344,-122.3547
98106,47.5344,-122.3547
98106,47.5344,-122.3547
98106,47.5344,-122.3547
98107,47.6701,-122.3763
98107,47.6701,-122.3763
98107,47.6701,-122.3763
98107,47.6701,-122.3763
98107,47.6701,-122.3763
98107,47.6701,-122.3763
98107,47.6701,-122.3763
98107,47.6701,-122.3763
98107,47.6701,-122.3763
98107,47.6701,-122.3763
98107,47.6701,-122.3763
98107,47.6701,-122.3763
98107,47.6701,-122.3763
98107,47.6701,-122.3763
98107,47.6701,-122.3763
98107,47.6701,-122.3763
98107,47.6701,-122.3763
98107,47.6701,-122.3763
98107,47.6701,-122.3763
98107,47.6701,-122.3763
98107,47.6701,-122.3763
98107,47.6701,-122.3763
98107,47.6701,-122.3763
98107,47.6701,-122.3763
98107,47.6701,-122.3763
98107,47.6701,-122.3763
98107,47.6701,-122.3763
98107,47.6701,-122.3763
98107,47.6701,-122.3763
98107,47.6701,-122.3763
98107,47.6701,-122.3763
98107,47.6701,-122.3763
98107,47.6701,-122.3763
98107,47.6701,-122.3763
98107,47.6701,-122.3763
98107,47.6701,-122.3763
98107,47.6701,-122.3763
98107,47.6701,-122.3763
98107,47.6701,-122.3763
98107,47.6701,-122.3763
98107,47.6701,-122.3763
98107,47.6701,-122.3763
98107,47.6701,-122.3763
98107,47.6701,-122.3763
98107,47.6701,-122.3763
98107,47.6701,-122.3763
98107,47.6701,-122.3763
98107,47.6701,-122.3763
98107,47.6701,-122.3763
98107,47.6701,-122.3763
98107,47.6701,-122.3763
98107,47.6701,-122.3763
98107,47.6701,-122.3763
98107,47.6701,-122.3763
98107,47.6701,-122.3763
98107,47.6701,-122.3763
98107,47.6701,-122.3763
98107,47.6701,-122.3763
98107,47.6701,-122.3763
98107,47.6701,-122.3763
98107,47.6701,-122.3763
98107,47.6701,-122.3763
98107,47.6701,-122.3763
98107,47.6701,-122.3763
98107,47.6701,-122.3763
98107,47.6701,-122.3763
98107,47.6701,-122.3763
98107,47.6701,-122.3763
98107,47.6701,-122.3763
98107,47.6701,-122.3763
98107,47.6701,-122.3763
98107,47.6701,-122.3763
98107,47.6701,-122.3763
98107,47.6701,-122.3763
98108,47.5413,-122.3129
98108,47.5413,-122.3129
98108,47.5413,-122.3129
98108,47.5413,-122.3129
98108,47.5413,-122.3129
98108,47.5413,-122.3129
98108,47.5413,-122.3129
98108,47.5413,-122.3129
98108,47.5413,-122.3129
98108,47.5413,-122.3129
98108,47.5413,-122.3129
98108,47.5413,-122.3129
98108,47.5413,-122.3129
98108,47.5413,-122.3129
98108,47.5413,-122.3129
98108,47.5413,-122.3129
98108,47.5413,-122.3129
98108,47.5413,-122.3129
98108,47.5413,-122.3129
98108,47.5413,-122.3129
98108,47.5413,-122.3129
98108,47.5413,-122.3129
98108,47.5413,-122.3129
98108,47.5413,-122.3129
98108,47.5413,-122.3129
98108,47.5413,-122.3129
98108,47.5413,-122.3129
98108,47.5413,-122.3129
98108,47.5413,-122.3129
98108,47.5413,-122.3129
98108,47.5413,-122.3129
98108,47.5413,-122.3129
98108,47.5413,-122.3129
98109,47.6339,-122.3476
98109,47.6339,-122.3476
98109,47.6339,-122.3476
98109,47.6339,-122.3476
98109,47.6339,-122.3476
98109,47.6339,-122.3476
98109,47.6339,-122.3476
98109,47.6339,-122.3476
98109,47.6339,-122.3476
98109,47.6339,-122.3476
98109,47.6339,-122.3476
98109,47.6339,-122.3476
98109,47.6339,-122.3476
98109,47.6339,-122.3476
98109,47.6339,-122.3476
98109,47.6339,-122.3476
98109,47.6339,-122.3476
98109,47.6339,-122.3476
98109,47.6339,-122.3476
98109,47.6339,-122.3476
98109,47.6339,-122.3476
98109,47.6339,-122.3476
98109,47.6339,-122.3476
98109,47.6339,-122.3476
98109,47.6339,-122.3476
98109,47.6339,-122.3476
98109,47.6339,-122.3476
98109,47.6339,-122.3476
98109,47.6339,-122.3476
98109,47.6339,-122.3476
98109,47.6339,-122.3476
98109,47.6339,-122.3476
98109,47.6339,-122.3476
98109,47.6339,-122.3476
98109,47.6339,-122.3476
98109,47.6339,-122.3476
98109,47.6339,-122.3476
98112,47.6301,-122.2972
98112,47.6301,-122.2972
98112,47.6301,-122.2972
98112,47.6301,-122.2972
98112,47.6301,-122.2972
98112,47.6301,-122.2972
98112,47.6301,-122.2972
98112,47.6301,-122.2972
98112,47.6301,-122.2972
98112,47.6301,-122.2972
98112,47.6301,-122.2972
98112,47.6301,-122.2972
98112,47.6301,-122.2972
98112,47.6301,-122.2972
98112,47.6301,-122.2972
98112,47.6301,-122.2972
98112,47.6301,-122.2972
98112,47.6301,-122.2972
98112,47.6301,-122.2972
98112,47.6301,-122.2972
98112,47.6301,-122.2972
98112,47.6301,-122.2972
98112,47.6301,-122.2972
98112,47.6301,-122.2972
98112,47.6301,-122.2972
98112,47.6301,-122.2972
98112,47.6301,-122.2972
98112,47.6301,-122.2972
98112,47.6301,-122.2972
98112,47.6301,-122.2972
98112,47.6301,-122.2972
98112,47.6301,-122.2972
98112,47.6301,-122.2972
98112,47.6301,-122.2972
98112,47.6301,-122.2972
98112,47.6301,-122.2972
98112,47.6301,-122.2972
98112,47.6301,-122.2972
98112,47.6301,-122.2972
98112,47.6301,-122.2972
98112,47.6301,-122.2972
98112,47.6301,-122.2972
98112,47.6301,-122.2972
98112,47.6301,-122.2972
98112,47.6301,-122.2972
98112,47.6301,-122.2972
98112,47.6301,-122.2972
98112,47.6301,-122.2972
98112,47.6301,-122.2972
98112,47.6301,-122.2972
98115,47.6849,-122.2968
98115,47.6849,-122.2968
98115,47.6849,-122.2968
98115,47.6849,-122.2968
98115,47.6849,-122.2968
98115,47.6849,-122.2968
98115,47.6849,-122.2968
98115,47.6849,-122.2968
98115,47.6849,-122.2968
98115,47.6849,-122.2968
98115,47.6849,-122.2968
98115,47.6849,-122.2968
98115,47.6849,-122.2968
98115,47.6849,-122.2968
98115,47.6849,-122.2968
98115,47.6849,-122.2968
98115,47.6849,-122.2968
98115,47.6849,-122.2968
98115,47.6849,-122.2968
98115,47.6849,-122.2968
98115,47.6849,-122.2968
98115,47.6849,-122.2968
98115,47.6849,-122.2968
98115,47.6849,-122.2968
98115,47.6849,-122.2968
98115,47.6849,-122.2968
98115,47.6849,-122.2968
98115,47.6849,-122.2968
98115,47.6849,-122.2968
98115,47.6849,-122.2968
98115,47.6849,-122.2968
98115,47.6849,-122.2968
98115,47.6849,-122.2968
98115,47.6849,-122.2968
98115,47.6849,-122.2968
98115,47.6849,-122.2968
98115,47.6849,-122.2968
98115,47.6849,-122.2968
98115,47.6849,-122.2968
98115,47.6849,-122.2968
98115,47.6849,-122.2968
98115,47.6849,-122.2968
98115,47.6849,-122.2968
98115,47.6849,-122.2968
98115,47.6849,-122.2968
98115,47.6849,-122.2968
98115,47.6849,-122.2968
98115,47.6849,-122.2968
98115,47.6849,-122.2968
98115,47.6849,-122.2968
98115,47.6849,-122.2968
98115,47.6849,-122.2968
98115,47.6849,-122.2968
98115,47.6849,-122.2968
98115,47.6849,-122.2968
98115,47.6849,-122.2968
98115,47.6849,-122.2968
98115,47.6849,-122.2968
98115,47.6849,-122.2968
98115,47.6849,-122.2968
98115,47.6849,-122.2968
98115,47.6849,-122.2968
98115,47.6849,-122.2968
98115,47.6849,-122.2968
98115,47.6849,-122.2968
98115,47.6849,-122.2968
98115,47.6849,-122.2968
98115,47.6849,-122.2968
98115,47.6849,-122.2968
98115,47.6849,-122.2968
98115,47.6849,-122.2968
98115,47.6849,-122.2968
98115,47.6849,-122.2968
98115,47.6849,-122.2968
98115,47.6849,-122.2968
98115,47.6849,-122.2968
98115,47.6849,-122.2968
98115,47.6849,-122.2968
98115,47.6849,-122.2968
98115,47.6849,-122.2968
98115,47.6849,-122.2968
98115,47.6849,-122.2968
98115,47.6849,-122.2968
98115,47.6849,-122.2968
98115,47.6849,-122.2968
98115,47.6849,-122.2968
98115,47.6849,-122.2968
98115,47.6849,-122.2968
98115,47.6849,-122.2968
98115,47.6849,-122.2968
98115,47.6849,-122.2968
98115,47.6849,-122.2968
98115,47.6849,-122.2968
98115,47.6849,-122.2968
98115,47.6849,-122.2968
98115,47.6849,-122.2968
98115,47.6849,-122.2968
98115,47.6849,-122.2968
98115,47.6849,-122.2968
98115,47.6849,-122.2968
98115,47.6849,-122.2968
98115,47.6849,-122.2968
98115,47.6849,-122.2968
98115,47.6849,-122.2968
98115,47.6849,-122.2968
98115,47.6849,-122.2968
98115,47.6849,-122.2968
98115,47.6849,-122.2968
98115,47.6849,-122.2968
98115,47.6849,-122.2968
98115,47.6849,-122.2968
98115,47.6849,-122.2968
98115,47.6849,-122.2968
98115,47.6849,-122.2968
98115,47.6849,-122.2968
98115,47.6849,-122.2968
98115,47.6849,-122.2968
98115,47.6849,-122.2968
98115,47.6849,-122.2968
98115,47.6849,-122.2968
98115,47.6849,-122.2968
98115,47.6849,-122.2968
98115,47.6849,-122.2968
98115,47.6849,-122.2968
98115,47.6849,-122.2968
98115,47.6849,-122.2968
98115,47.6849,-122.2968
98115,47.6849,-122.2968
98115,47.6849,-122.2968
98115,47.6849,-122.2968
98115,47.6849,-122.2968
98115,47.6849,-122.2968
98115,47.6849,-122.2968
98115,47.6849,-122.2968
98115,47.6849,-122.2968
98115,47.6849,-122.2968
98115,47.6849,-122.2968
98115,47.6849,-122.2968
98115,47.6849,-122.2968
98115,47.6849,-122.2968
98115,47.6849,-122.2968
98115,47.6849,-122.2968
98115,47.6849,-122.2968
98115,47.6849,-122.2968
98116,47.5746,-122.3934
98116,47.5746,-122.3934
98116,47.5746,-122.3934
98116,47.5746,-122.3934
98116,47.5746,-122.3934
98116,47.5746,-122.3934
98116,47.5746,-122.3934
98116,47.5746,-122.3934
98116,47.5746,-122.3934
98116,47.5746,-122.3934
98116,47.5746,-122.3934
98116,47.5746,-122.3934
98116,47.5746,-122.3934
98116,47.5746,-122.3934
98116,47.5746,-122.3934
98116,47.5746,-122.3934
98116,47.5746,-122.3934
98116,47.5746,-122.3934
98116,47.5746,-122.3934
98116,47.5746,-122.3934
98116,47.5746,-122.3934
98116,47.5746,-122.3934
98116,47.5746,-122.3934
98116,47.5746,-122.3934
98116,47.5746,-122.3934
98116,47.5746,-122.3934
98116,47.5746,-122.3934
98116,47.5746,-122.3934
98116,47.5746,-122.3934
98116,47.5746,-122.3934
98116,47.5746,-122.3934
98116,47.5746,-122.3934
98116,47.5746,-122.3934
98116,47.5746,-122.3934
98116,47.5746,-122.3934
98116,47.5746,-122.3934
98116,47.5746,-122.3934
98116,47.5746,-122.3934
98116,47.5746,-122.3934
98116,47.5746,-122.3934
98116,47.5746,-122.3934
98116,47.5746,-122.3934
98116,47.5746,-122.3934
98116,47.5746,-122.3934
98116,47.5746,-122.3934
98116,47.5746,-122.3934
98116,47.5746,-122.3934
98116,47.5746,-122.3934
98116,47.5746,-122.3934
98116,47.5746,-122.3934
98116,47.5746,-122.3934
98116,47.5746,-122.3934
98116,47.5746,-122.3934
98116,47.5746,-122.3934
98116,47.5746,-122.3934
98116,47.5746,-122.3934
98116,47.5746,-122.3934
98116,47.5746,-122.3934
98116,47.5746,-122.3934
98116,47.5746,-122.3934
98116,47.5746,-122.3934
98116,47.5746,-122.3934
98116,47.5746,-122.3934
98116,47.5746,-122.3934
98116,47.5746,-122.3934
98116,47.5746,-122.3934
98116,47.5746,-122.3934
98116,47.5746,-122.3934
98117,47.6873,-122.3772
98117,47.6873,-122.3772
98117,47.6873,-122.3772
98117,47.6873,-122.3772
98117,47.6873,-122.3772
98117,47.6873,-122.3772
98117,47.6873,-122.3772
98117,47.6873,-122.3772
98117,47.6873,-122.3772
98117,47.6873,-122.3772
98117,47.6873,-122.3772
98117,47.6873,-122.3772
98117,47.6873,-122.3772
98117,47.6873,-122.3772
98117,47.6873,-122.3772
98117,47.6873,-122.3772
98117,47.6873,-122.3772
98117,47.6873,-122.3772
98117,47.6873,-122.3772
98117,47.6873,-122.3772
98117,47.6873,-122.3772
98117,47.6873,-122.3772
98117,47.6873,-122.3772
98117,47.6873,-122.3772
98117,47.6873,-122.3772
98117,47.6873,-122.3772
98117,47.6873,-122.3772
98117,47.6873,-122.3772
98117,47.6873,-122.3772
98117,47.6873,-122.3772
98117,47.6873,-122.3772
98117,47.6873,-122.3772
98117,47.6873,-122.3772
98117,47.6873,-122.3772
98117,47.6873,-122.3772
98117,47.6873,-122.3772
98117,47.6873,-122.3772
98117,47.6873,-122.3772
98117,47.6873,-122.3772
98117,47.6873,-122.3772
98117,47.6873,-122.3772
98117,47.6873,-122.3772
98117,47.6873,-122.3772
98117,47.6873,-122.3772
98117,47.6873,-122.3772
98117,47.6873,-122.3772
98117,47.6873,-122.3772
98117,47.6873,-122.3772
98117,47.6873,-122.3772
98117,47.6873,-122.3772
98117,47.6873,-122.3772
98117,47.6873,-122.3772
98117,47.6873,-122.3772
98117,47.6873,-122.3772
98117,47.6873,-122.3772
98117,47.6873,-122.3772
98117,47.6873,-122.3772
98117,47.6873,-122.3772
98117,47.6873,-122.3772
98117,47.6873,-122.3772
98117,47.6873,-122.3772
98117,47.6873,-122.3772
98117,47.6873,-122.3772
98117,47.6873,-122.3772
98117,47.6873,-122.3772
98117,47.6873,-122.3772
98117,47.6873,-122.3772
98117,47.6873,-122.3772
98117,47.6873,-122.3772
98117,47.6873,-122.3772
98117,47.6873,-122.3772
98117,47.6873,-122.3772
98117,47.6873,-122.3772
98117,47.6873,-122.3772
98117,47.6873,-122.3772
98117,47.6873,-122.3772
98117,47.6873,-122.3772
98117,47.6873,-122.3772
98117,47.6873,-122.3772
98117,47.6873,-122.3772
98117,47.6873,-122.3772
98117,47.6873,-122.3772
98117,47.6873,-122.3772
98117,47.6873,-122.3772
98117,47.6873,-122.3772
98117,47.6873,-122.3772
98117,47.6873,-122.3772
98117,47.6873,-122.3772
98117,47.6873,-122.3772
98117,47.6873,-122.3772
98117,47.6873,-122.3772
98117,47.6873,-122.3772
98117,47.6873,-122.3772
98117,47.6873,-122.3772
98117,47.6873,-122.3772
98117,47.6873,-122.3772
98117,47.6873,-122.3772
98117,47.6873,-122.3772
98117,47.6873,-122.3772
98117,47.6873,-122.3772
98117,47.6873,-122.3772
98117,47.6873,-122.3772
98117,47.6873,-122.3772
98117,47.6873,-122.3772
98117,47.6873,-122.3772
98117,47.6873,-122.3772
98117,47.6873,-122.3772
98117,47.6873,-122.3772
98117,47.6873,-122.3772
98117,47.6873,-122.3772
98117,47.6873,-122.3772
98117,47.6873,-122.3772
98117,47.6873,-122.3772
98117,47.6873,-122.3772
98117,47.6873,-122.3772
98117,47.6873,-122.3772
98117,47.6873,-122.3772
98117,47.6873,-122.3772
98117,47.6873,-122.3772
98117,47.6873,-122.3772
98117,47.6873,-122.3772
98117,47.6873,-122.3772
98117,47.6873,-122.3772
98117,47.6873,-122.3772
98117,47.6873,-122.3772
98117,47.6873,-122.3772
98117,47.6873,-122.3772
98117,47.6873,-122.3772
98117,47.6873,-122.3772
98117,47.6873,-122.3772
98117,47.6873,-122.3772
98117,47.6873,-122.3772
98117,47.6873,-122.3772
98117,47.6873,-122.3772
98117,47.6873,-122.3772
98117,47.6873,-122.3772
98117,47.6873,-122.3772
98117,47.6873,-122.3772
98117,47.6873,-122.3772
98117,47.6873,-122.3772
98117,47.6873,-122.3772
98117,47.6873,-122.3772
98117,47.6873,-122.3772
98117,47.6873,-122.3772
98117,47.6873,-122.3772
98117,47.6873,-122.3772
98118,47.5412,-122.275
98118,47.5412,-122.275
98118,47.5412,-122.275
98118,47.5412,-122.275
98118,47.5412,-122.275
98118,47.5412,-122.275
98118,47.5412,-122.275
98118,47.5412,-122.275
98118,47.5412,-122.275
98118,47.5412,-122.275
98118,47.5412,-122.275
98118,47.5412,-122.275
98118,47.5412,-122.275
98118,47.5412,-122.275
98118,47.5412,-122.275
98118,47.5412,-122.275
98118,47.5412,-122.275
98118,47.5412,-122.275
98118,47.5412,-122.275
98118,47.5412,-122.275
98118,47.5412,-122.275
98118,47.5412,-122.275
98118,47.5412,-122.275
98118,47.5412,-122.275
98118,47.5412,-122.275
98118,47.5412,-122.275
98118,47.5412,-122.275
98118,47.5412,-122.275
98118,47.5412,-122.275
98118,47.5412,-122.275
98118,47.5412,-122.275
98118,47.5412,-122.275
98118,47.5412,-122.275
98118,47.5412,-122.275
98118,47.5412,-122.275
98118,47.5412,-122.275
98118,47.5412,-122.275
98118,47.5412,-122.275
98118,47.5412,-122.275
98118,47.5412,-122.275
98118,47.5412,-122.275
98118,47.5412,-122.275
98118,47.5412,-122.275
98118,47.5412,-122.275
98118,47.5412,-122.275
98118,47.5412,-122.275
98118,47.5412,-122.275
98118,47.5412,-122.275
98118,47.5412,-122.275
98118,47.5412,-122.275
98118,47.5412,-122.275
98118,47.5412,-122.275
98118,47.5412,-122.275
98118,47.5412,-122.275
98118,47.5412,-122.275
98118,47.5412,-122.275
98118,47.5412,-122.275
98118,47.5412,-122.275
98118,47.5412,-122.275
98118,47.5412,-122.275
98118,47.5412,-122.275
98118,47.5412,-122.275
98118,47.5412,-122.275
98118,47.5412,-122.275
98118,47.5412,-122.275
98118,47.5412,-122.275
98118,47.5412,-122.275
98118,47.5412,-122.275
98118,47.5412,-122.275
98118,47.5412,-122.275
98118,47.5412,-122.275
98118,47.5412,-122.275
98118,47.5412,-122.275
98118,47.5412,-122.275
98118,47.5412,-122.275
98118,47.5412,-122.275
98118,47.5412,-122.275
98118,47.5412,-122.275
98118,47.5412,-122.275
98118,47.5412,-122.275
98118,47.5412,-122.275
98118,47.5412,-122.275
98118,47.5412,-122.275
98118,47.5412,-122.275
98118,47.5412,-122.275
98118,47.5412,-122.275
98118,47.5412,-122.275
98118,47.5412,-122.275
98118,47.5412,-122.275
98118,47.5412,-122.275
98118,47.5412,-122.275
98118,47.5412,-122.275
98118,47.5412,-122.275
98119,47.6379,-122.3643
98119,47.6379,-122.3643
98119,47.6379,-122.3643
98119,47.6379,-122.3643
98119,47.6379,-122.3643
98119,47.6379,-122.3643
98119,47.6379,-122.3643
98119,47.6379,-122.3643
98119,47.6379,-122.3643
98119,47.6379,-122.3643
98119,47.6379,-122.3643
98119,47.6379,-122.3643
98119,47.6379,-122.3643
98119,47.6379,-122.3643
98119,47.6379,-122.3643
98119,47.6379,-122.3643
98119,47.6379,-122.3643
98119,47.6379,-122.3643
98119,47.6379,-122.3643
98119,47.6379,-122.3643
98119,47.6379,-122.3643
98119,47.6379,-122.3643
98119,47.6379,-122.3643
98119,47.6379,-122.3643
98119,47.6379,-122.3643
98119,47.6379,-122.3643
98119,47.6379,-122.3643
98119,47.6379,-122.3643
98119,47.6379,-122.3643
98119,47.6379,-122.3643
98119,47.6379,-122.3643
98119,47.6379,-122.3643
98119,47.6379,-122.3643
98119,47.6379,-122.3643
98119,47.6379,-122.3643
98119,47.6379,-122.3643
98119,47.6379,-122.3643
98119,47.6379,-122.3643
98119,47.6379,-122.3643
98119,47.6379,-122.3643
98119,47.6379,-122.3643
98119,47.6379,-122.3643
98119,47.6379,-122.3643
98119,47.6379,-122.3643
98119,47.6379,-122.3643
98119,47.6379,-122.3643
98119,47.6379,-122.3643
98121,47.6151,-122.3447
98121,47.6151,-122.3447
98121,47.6151,-122.3447
98121,47.6151,-122.3447
98121,47.6151,-122.3447
98121,47.6151,-122.3447
98121,47.6151,-122.3447
98121,47.6151,-122.3447
98121,47.6151,-122.3447
98121,47.6151,-122.3447
98121,47.6151,-122.3447
98121,47.6151,-122.3447
98122,47.6116,-122.3056
98122,47.6116,-122.3056
98122,47.6116,-122.3056
98122,47.6116,-122.3056
98122,47.6116,-122.3056
98122,47.6116,-122.3056
98122,47.6116,-122.3056
98122,47.6116,-122.3056
98122,47.6116,-122.3056
98122,47.6116,-122.3056
98122,47.6116,-122.3056
98122,47.6116,-122.3056
98122,47.6116,-122.3056
98122,47.6116,-122.3056
98122,47.6116,-122.3056
98122,47.6116,-122.3056
98122,47.6116,-122.3056
98122,47.6116,-122.3056
98122,47.6116,-122.3056
98122,47.6116,-122.3056
98122,47.6116,-122.3056
98122,47.6116,-122.3056
98122,47.6116,-122.3056
98122,47.6116,-122.3056
98122,47.6116,-122.3056
98122,47.6116,-122.3056
98122,47.6116,-122.3056
98122,47.6116,-122.3056
98122,47.6116,-122.3056
98122,47.6116,-122.3056
98122,47.6116,-122.3056
98122,47.6116,-122.3056
98122,47.6116,-122.3056
98122,47.6116,-122.3056
98122,47.6116,-122.3056
98122,47.6116,-122.3056
98122,47.6116,-122.3056
98122,47.6116,-122.3056
98122,47.6116,-122.3056
98122,47.6116,-122.3056
98122,47.6116,-122.3056
98122,47.6116,-122.3056
98122,47.6116,-122.3056
98122,47.6116,-122.3056
98122,47.6116,-122.3056
98122,47.6116,-122.3056
98122,47.6116,-122.3056
98122,47.6116,-122.3056
98122,47.6116,-122.3056
98122,47.6116,-122.3056
98122,47.6116,-122.3056
98122,47.6116,-122.3056
98122,47.6116,-122.3056
98122,47.6116,-122.3056
98122,47.6116,-122.3056
98122,47.6116,-122.3056
98122,47.6116,-122.3056
98122,47.6116,-122.3056
98122,47.6116,-122.3056
98122,47.6116,-122.3056
98122,47.6116,-122.3056
98122,47.6116,-122.3056
98122,47.6116,-122.3056
98122,47.6116,-122.3056
98122,47.6116,-122.3056
98122,47.6116,-122.3056
98122,47.6116,-122.3056
98122,47.6116,-122.3056
98122,47.6116,-122.3056
98122,47.6116,-122.3056
98122,47.6116,-122.3056
98122,47.6116,-122.3056
98122,47.6116,-122.3056
98122,47.6116,-122.3056
98122,47.6116,-122.3056
98122,47.6116,-122.3056
98122,47.6116,-122.3056
98122,47.6116,-122.3056
98122,47.6116,-122.3056
98122,47.6116,-122.3056
98122,47.6116,-122.3056
98122,47.6116,-122.3056
98122,47.6116,-122.3056
98122,47.6116,-122.3056
98122,47.6116,-122.3056
98122,47.6116,-122.3056
98125,47.717,-122.3015
98125,47.717,-122.3015
98125,47.717,-122.3015
98125,47.717,-122.3015
98125,47.717,-122.3015
98125,47.717,-122.3015
98125,47.717,-122.3015
98125,47.717,-122.3015
98125,47.717,-122.3015
98125,47.717,-122.3015
98125,47.717,-122.3015
98125,47.717,-122.3015
98125,47.717,-122.3015
98125,47.717,-122.3015
98125,47.717,-122.3015
98125,47.717,-122.3015
98125,47.717,-122.3015
98125,47.717,-122.3015
98125,47.717,-122.3015
98125,47.717,-122.3015
98125,47.717,-122.3015
98125,47.717,-122.3015
98125,47.717,-122.3015
98125,47.717,-122.3015
98125,47.717,-122.3015
98125,47.717,-122.3015
98125,47.717,-122.3015
98125,47.717,-122.3015
98125,47.717,-122.3015
98125,47.717,-122.3015
98125,47.717,-122.3015
98125,47.717,-122.3015
98125,47.717,-122.3015
98125,47.717,-122.3015
98125,47.717,-122.3015
98125,47.717,-122.3015
98125,47.717,-122.3015
98125,47.717,-122.3015
98125,47.717,-122.3015
98125,47.717,-122.3015
98125,47.717,-122.3015
98125,47.717,-122.3015
98125,47.717,-122.3015
98125,47.717,-122.3015
98125,47.717,-122.3015
98125,47.717,-122.3015
98125,47.717,-122.3015
98125,47.717,-122.3015
98125,47.717,-122.3015
98125,47.717,-122.3015
98125,47.717,-122.3015
98125,47.717,-122.3015
98125,47.717,-122.3015
98125,47.717,-122.3015
98125,47.717,-122.3015
98125,47.717,-122.3015
98125,47.717,-122.3015
98125,47.717,-122.3015
98125,47.717,-122.3015
98125,47.717,-122.3015
98125,47.717,-122.3015
98125,47.717,-122.3015
98125,47.717,-122.3015
98125,47.717,-122.3015
98125,47.717,-122.3015
98125,47.717,-122.3015
98125,47.717,-122.3015
98125,47.717,-122.3015
98125,47.717,-122.3015
98125,47.717,-122.3015
98126,47.5444,-122.3735
98126,47.5444,-122.3735
98126,47.5444,-122.3735
98126,47.5444,-122.3735
98126,47.5444,-122.3735
98126,47.5444,-122.3735
98126,47.5444,-122.3735
98126,47.5444,-122.3735
98126,47.5444,-122.3735
98126,47.5444,-122.3735
98126,47.5444,-122.3735
98126,47.5444,-122.3735
98126,47.5444,-122.3735
98126,47.5444,-122.3735
98126,47.5444,-122.3735
98126,47.5444,-122.3735
98126,47.5444,-122.3735
98126,47.5444,-122.3735
98126,47.5444,-122.3735
98126,47.5444,-122.3735
98126,47.5444,-122.3735
98126,47.5444,-122.3735
98126,47.5444,-122.3735
98126,47.5444,-122.3735
98126,47.5444,-122.3735
98126,47.5444,-122.3735
98126,47.5444,-122.3735
98126,47.5444,-122.3735
98126,47.5444,-122.3735
98126,47.5444,-122.3735
98126,47.5444,-122.3735
98126,47.5444,-122.3735
98126,47.5444,-122.3735
98126,47.5444,-122.3735
98126,47.5444,-122.3735
98126,47.5444,-122.3735
98126,47.5444,-122.3735
98126,47.5444,-122.3735
98126,47.5444,-122.3735
98126,47.5444,-122.3735
98126,47.5444,-122.3735
98126,47.5444,-122.3735
98126,47.5444,-122.3735
98126,47.5444,-122.3735
98126,47.5444,-122.3735
98126,47.5444,-122.3735
98126,47.5444,-122.3735
98126,47.5444,-122.3735
98126,47.5444,-122.3735
98126,47.5444,-122.3735
98126,47.5444,-122.3735
98126,47.5444,-122.3735
98126,47.5444,-122.3735
98126,47.5444,-122.3735
98126,47.5444,-122.3735
98126,47.5444,-122.3735
98126,47.5444,-122.3735
98126,47.5444,-122.3735
98126,47.5444,-122.3735
98126,47.5444,-122.3735
98126,47.5444,-122.3735
98126,47.5444,-122.3735
98126,47.5444,-122.3735
98126,47.5444,-122.3735
98126,47.5444,-122.3735
98126,47.5444,-122.3735
98126,47.5444,-122.3735
98126,47.5444,-122.3735
98126,47.5444,-122.3735
98126,47.5444,-122.3735
98133,47.7377,-122.3431
98133,47.7377,-122.3431
98133,47.7377,-122.3431
98133,47.7377,-122.3431
98133,47.7377,-122.3431
98133,47.7377,-122.3431
98133,47.7377,-122.3431
98133,47.7377,-122.3431
98133,47.7377,-122.3431
98133,47.7377,-122.3431
98133,47.7377,-122.3431
98133,47.7377,-122.3431
98133,47.7377,-122.3431
98133,47.7377,-122.3431
98133,47.7377,-122.3431
98133,47.7377,-122.3431
98133,47.7377,-122.3431
98133,47.7377,-122.3431
98133,47.7377,-122.3431
98133,47.7377,-122.3431
98133,47.7377,-122.3431
98133,47.7377,-122.3431
98133,47.7377,-122.3431
98133,47.7377,-122.3431
98133,47.7377,-122.3431
98133,47.7377,-122.3431
98133,47.7377,-122.3431
98133,47.7377,-122.3431
98133,47.7377,-122.3431
98133,47.7377,-122.3431
98133,47.7377,-122.3431
98133,47.7377,-122.3431
98133,47.7377,-122.3431
98133,47.7377,-122.3431
98133,47.7377,-122.3431
98133,47.7377,-122.3431
98133,47.7377,-122.3431
98133,47.7377,-122.3431
98133,47.7377,-122.3431
98133,47.7377,-122.3431
98133,47.7377,-122.3431
98133,47.7377,-122.3431
98133,47.7377,-122.3431
98133,47.7377,-122.3431
98133,47.7377,-122.3431
98133,47.7377,-122.3431
98133,47.7377,-122.3431
98133,47.7377,-122.3431
98133,47.7377,-122.3431
98133,47.7377,-122.3431
98136,47.5398,-122.3878
98136,47.5398,-122.3878
98136,47.5398,-122.3878
98136,47.5398,-122.3878
98136,47.5398,-122.3878
98136,47.5398,-122.3878
98136,47.5398,-122.3878
98136,47.5398,-122.3878
98136,47.5398,-122.3878
98136,47.5398,-122.3878
98136,47.5398,-122.3878
98136,47.5398,-122.3878
98136,47.5398,-122.3878
98136,47.5398,-122.3878
98136,47.5398,-122.3878
98136,47.5398,-122.3878
98136,47.5398,-122.3878
98136,47.5398,-122.3878
98136,47.5398,-122.3878
98136,47.5398,-122.3878
98136,47.5398,-122.3878
98136,47.5398,-122.3878
98136,47.5398,-122.3878
98136,47.5398,-122.3878
98136,47.5398,-122.3878
98136,47.5398,-122.3878
98136,47.5398,-122.3878
98136,47.5398,-122.3878
98136,47.5398,-122.3878
98136,47.5398,-122.3878
98136,47.5398,-122.3878
98136,47.5398,-122.3878
98136,47.5398,-122.3878
98136,47.5398,-122.3878
98136,47.5398,-122.3878
98136,47.5398,-122.3878
98136,47.5398,-122.3878
98136,47.5398,-122.3878
98136,47.5398,-122.3878
98136,47.5398,-122.3878
98136,47.5398,-122.3878
98136,47.5398,-122.3878
98136,47.5398,-122.3878
98136,47.5398,-122.3878
98136,47.5398,-122.3878
98136,47.5398,-122.3878
98136,47.5398,-122.3878
98136,47.5398,-122.3878
98136,47.5398,-122.3878
98136,47.5398,-122.3878
98136,47.5398,-122.3878
98136,47.5398,-122.3878
98136,47.5398,-122.3878
98136,47.5398,-122.3878
98136,47.5398,-122.3878
98136,47.5398,-122.3878
98136,47.5398,-122.3878
98144,47.5846,-122.3005
98144,47.5846,-122.3005
98144,47.5846,-122.3005
98144,47.5846,-122.3005
98144,47.5846,-122.3005
98144,47.5846,-122.3005
98144,47.5846,-122.3005
98144,47.5846,-122.3005
98144,47.5846,-122.3005
98144,47.5846,-122.3005
98144,47.5846,-122.3005
98144,47.5846,-122.3005
98144,47.5846,-122.3005
98144,47.5846,-122.3005
98144,47.5846,-122.3005
98144,47.5846,-122.3005
98144,47.5846,-122.3005
98144,47.5846,-122.3005
98144,47.5846,-122.3005
98144,47.5846,-122.3005
98144,47.5846,-122.3005
98144,47.5846,-122.3005
98144,47.5846,-122.3005
98144,47.5846,-122.3005
98144,47.5846,-122.3005
98144,47.5846,-122.3005
98144,47.5846,-122.3005
98144,47.5846,-122.3005
98144,47.5846,-122.3005
98144,47.5846,-122.3005
98144,47.5846,-122.3005
98144,47.5846,-122.3005
98144,47.5846,-122.3005
98144,47.5846,-122.3005
98144,47.5846,-122.3005
98144,47.5846,-122.3005
98144,47.5846,-122.3005
98144,47.5846,-122.3005
98144,47.5846,-122.3005
98144,47.5846,-122.3005
98144,47.5846,-122.3005
98144,47.5846,-122.3005
98144,47.5846,-122.3005
98144,47.5846,-122.3005
98144,47.5846,-122.3005
98144,47.5846,-122.3005
98144,47.5846,-122.3005
98144,47.5846,-122.3005
98144,47.5846,-122.3005
98144,47.5846,-122.3005
98144,47.5846,-122.3005
98144,47.5846,-122.3005
98144,47.5846,-122.3005
98144,47.5846,-122.3005
98144,47.5846,-122.3005
98144,47.5846,-122.3005
98144,47.5846,-122.3005
98144,47.5846,-122.3005
98144,47.5846,-122.3005
98144,47.5846,-122.3005
98144,47.5846,-122.3005
98144,47.5846,-122.3005
98144,47.5846,-122.3005
98144,47.5846,-122.3005
98144,47.5846,-122.3005
98144,47.5846,-122.3005
98144,47.5846,-122.3005
98144,47.5846,-122.3005
98144,47.5846,-122.3005
98144,47.5846,-122.3005
98144,47.5846,-122.3005
98144,47.5846,-122.3005
98144,47.5846,-122.3005
98144,47.5846,-122.3005
98144,47.5846,-122.3005
98144,47.5846,-122.3005
98144,47.5846,-122.3005
98144,47.5846,-122.3005
98144,47.5846,-122.3005
98144,47.5846,-122.3005
98144,47.5846,-122.3005
98144,47.5846,-122.3005
98144,47.5846,-122.3005
98144,47.5846,-122.3005
98144,47.5846,-122.3005
98144,47.5846,-122.3005
98144,47.5846,-122.3005
98144,47.5846,-122.3005
98144,47.5846,-122.3005
98144,47.5846,-122.3005
98144,47.5846,-122.3005
98144,47.5846,-122.3005
98144,47.5846,-122.3005
98144,47.5846,-122.3005
98144,47.5846,-122.3005
98144,47.5846,-122.3005
98144,47.5846,-122.3005
98144,47.5846,-122.3005
98146,47.4995,-122.3603
98146,47.4995,-122.3603
98146,47.4995,-122.3603
98146,47.4995,-122.3603
98146,47.4995,-122.3603
98146,47.4995,-122.3603
98146,47.4995,-122.3603
98146,47.4995,-122.3603
98146,47.4995,-122.3603
98146,47.4995,-122.3603
98146,47.4995,-122.3603
98146,47.4995,-122.3603
98146,47.4995,-122.3603
98146,47.4995,-122.3603
98146,47.4995,-122.3603
98146,47.4995,-122.3603
98146,47.4995,-122.3603
98146,47.4995,-122.3603
98146,47.4995,-122.3603
98146,47.4995,-122.3603
98146,47.4995,-122.3603
98146,47.4995,-122.3603
98146,47.4995,-122.3603
98146,47.4995,-122.3603
98146,47.4995,-122.3603
98146,47.4995,-122.3603
98146,47.4995,-122.3603
98146,47.4995,-122.3603
98146,47.4995,-122.3603
98146,47.4995,-122.3603
98146,47.4995,-122.3603
98146,47.4995,-122.3603
98146,47.4995,-122.3603
98146,47.4995,-122.3603
98146,47.4995,-122.3603
98146,47.4995,-122.3603
98146,47.4995,-122.3603
98146,47.4995,-122.3603
98168,47.4889,-122.3012
98168,47.4889,-122.3012
98168,47.4889,-122.3012
98168,47.4889,-122.3012
98168,47.4889,-122.3012
98168,47.4889,-122.3012
98168,47.4889,-122.3012
98168,47.4889,-122.3012
98168,47.4889,-122.3012
98168,47.4889,-122.3012
98168,47.4889,-122.3012
98168,47.4889,-122.3012
98168,47.4889,-122.3012
98168,47.4889,-122.3012
98168,47.4889,-122.3012
98168,47.4889,-122.3012
98168,47.4889,-122.3012
98168,47.4889,-122.3012
98168,47.4889,-122.3012
98168,47.4889,-122.3012
98168,47.4889,-122.3012
98168,47.4889,-122.3012
98168,47.4889,-122.3012
98168,47.4889,-122.3012
98168,47.4889,-122.3012
98168,47.4889,-122.3012
98168,47.4889,-122.3012
98168,47.4889,-122.3012
98168,47.4889,-122.3012
98168,47.4889,-122.3012
98168,47.4889,-122.3012
98168,47.4889,-122.3012
98168,47.4889,-122.3012
98168,47.4889,-122.3012
98168,47.4889,-122.3012
98168,47.4889,-122.3012
98168,47.4889,-122.3012
98168,47.4889,-122.3012
98168,47.4889,-122.3012
98168,47.4889,-122.3012
98168,47.4889,-122.3012
98177,47.7467,-122.3686
98177,47.7467,-122.3686
98177,47.7467,-122.3686
98177,47.7467,-122.3686
98177,47.7467,-122.3686
98177,47.7467,-122.3686
98177,47.7467,-122.3686
98177,47.7467,-122.3686
98177,47.7467,-122.3686
98177,47.7467,-122.3686
98177,47.7467,-122.3686
98177,47.7467,-122.3686
98177,47.7467,-122.3686
98177,47.7467,-122.3686
98177,47.7467,-122.3686
98177,47.7467,-122.3686
98177,47.7467,-122.3686
98177,47.7467,-122.3686
98177,47.7467,-122.3686
98177,47.7467,-122.3686
98177,47.7467,-122.3686
98177,47.7467,-122.3686
98177,47.7467,-122.3686
98177,47.7467,-122.3686
98177,47.7467,-122.3686
98177,47.7467,-122.3686
98177,47.7467,-122.3686
98178,47.4924,-122.2359
98178,47.4924,-122.2359
98178,47.4924,-122.2359
98178,47.4924,-122.2359
98178,47.4924,-122.2359
98178,47.4924,-122.2359
98178,47.4924,-122.2359
98178,47.4924,-122.2359
98178,47.4924,-122.2359
98178,47.4924,-122.2359
98178,47.4924,-122.2359
98178,47.4924,-122.2359
98178,47.4924,-122.2359
98178,47.4924,-122.2359
98178,47.4924,-122.2359
98178,47.4924,-122.2359
98178,47.4924,-122.2359
98178,47.4924,-122.2359
98178,47.4924,-122.2359
98178,47.4924,-122.2359
98178,47.4924,-122.2359
98178,47.4924,-122.2359
98178,47.4924,-122.2359
98178,47.4924,-122.2359
98178,47.4924,-122.2359
98178,47.4924,-122.2359
98178,47.4924,-122.2359
98178,47.4924,-122.2359
98178,47.4924,-122.2359
98178,47.4924,-122.2359
98178,47.4924,-122.2359
98178,47.4924,-122.2359
98178,47.4924,-122.2359
98178,47.4924,-122.2359
98178,47.4924,-122.2359
98178,47.4924,-122.2359
98178,47.4924,-122.2359
98178,47.4924,-122.2359
98178,47.4924,-122.2359
98178,47.4924,-122.2359
98199,47.6488,-122.3964
98199,47.6488,-122.3964
98199,47.6488,-122.3964
98199,47.6488,-122.3964
98199,47.6488,-122.3964
98199,47.6488,-122.3964
98199,47.6488,-122.3964
98199,47.6488,-122.3964
98199,47.6488,-122.3964
98199,47.6488,-122.3964
98199,47.6488,-122.3964
98199,47.6488,-122.3964
98199,47.6488,-122.3964
98199,47.6488,-122.3964
98199,47.6488,-122.3964
98199,47.6488,-122.3964
98199,47.6488,-122.3964
98199,47.6488,-122.3964
98199,47.6488,-122.3964
98199,47.6488,-122.3964
98199,47.6488,-122.3964
98199,47.6488,-122.3964
98199,47.6488,-122.3964
98199,47.6488,-122.3964
98199,47.6488,-122.3964
98199,47.6488,-122.3964
98199,47.6488,-122.3964
98199,47.6488,-122.3964
98199,47.6488,-122.3964
98199,47.6488,-122.3964
98199,47.6488,-122.3964
98199,47.6488,-122.3964
98199,47.6488,-122.3964
98199,47.6488,-122.3964
98199,47.6488,-122.3964
98199,47.6488,-122.3964
98199,47.6488,-122.3964
98199,47.6488,-122.3964
98199,47.6488,-122.3964
98199,47.6488,-122.3964
98199,47.6488,-122.3964
98199,47.6488,-122.3964
98199,47.6488,-122.3964
98199,47.6488,-122.3964
98199,47.6488,-122.3964
98199,47.6488,-122.3964
98199,47.6488,-122.3964
98199,47.6488,-122.3964
98199,47.6488,-122.3964
98199,47.6488,-122.3964
98199,47.6488,-122.3964
98199,47.6488,-122.3964
98199,47.6488,-122.3964
98199,47.6488,-122.3964
98199,47.6488,-122.3964
98199,47.6488,-122.3964
98199,47.6488,-122.3964
98199,47.6488,-122.3964
98199,47.6488,-122.3964
98199,47.6488,-122.3964
98199,47.6488,-122.3964
98199,47.6488,-122.3964